Repository,Branch,Commit Id,Commit Message,Commit Message Body,Commited on (Date)
upc-pre-202620-1acc0238-4951-andeva/atelier-platform,main,5513f20,fix(deploy): increase Metaspace to 220MB and balance heap within 512MB RAM,,08/10/2026
upc-pre-202620-1acc0238-4951-andeva/atelier-platform,main,d3576e3,fix(deploy): optimize memory for Render 512MB and fix servlet context path,,08/10/2026
upc-pre-202620-1acc0238-4951-andeva/atelier-platform,main,ac36ee8,Merge tag '1.0.0' into develop,Release 1.0.0 1.0.0,08/10/2026
upc-pre-202620-1acc0238-4951-andeva/atelier-platform,main,9b02a9e,Merge branch 'release/1.0.0',,08/10/2026
upc-pre-202620-1acc0238-4951-andeva/atelier-platform,main,d7ff62d,Merge branch 'feature/context-facade' into develop,,08/10/2026
upc-pre-202620-1acc0238-4951-andeva/atelier-platform,main,e2d7820,feat: add Dockerfile and container configuration.,"Introduce a production-ready multi-stage Docker build for the application using Eclipse Temurin OpenJDK 25 on Ubuntu Noble LTS, along with security and environment variable updates. Added: - Dockerfile: Multi-stage build (builder and runner) with non-root user, G1GC tuning, and dynamic port binding for container platforms. - .dockerignore: Exclude target artifacts, docs, git, and env secrets. Modified: - .env.example: Add GOOGLE_CLIENT_ID and FIREBASE_STORAGE_BUCKET environment variables. - .gitignore: Ignore service account credentials, PEM, and key files.",08/10/2026
upc-pre-202620-1acc0238-4951-andeva/atelier-platform,main,70c4d85,chore: update Stripe price IDs in billing schema.,"Update seed data in the billing schema reference script with official production/sandbox Stripe Price IDs for Go, Pro, and Max subscription tiers across monthly and yearly cycles. Modified: - docs/backend-documentation/schema-billing-atelier.sql: Replaced placeholder price IDs with live Stripe Price IDs.",08/10/2026
upc-pre-202620-1acc0238-4951-andeva/atelier-platform,main,15dd3a4,"test: add unit tests for CRM, HR and Operations.","Implement comprehensive unit test coverage across CRM, Human Resources, Inventory, and Workshop Operations bounded contexts, verifying ACL context facades, domain services, external adapters, event handlers, and REST controllers. Added: - src/test/java/com/andeva/atelier/platform/crm/: Unit tests for CustomerFleetContextFacade, appointments, vehicle commands, event handlers, external adapters, and controllers. - src/test/java/com/andeva/atelier/platform/hr/: Unit tests for HumanResourcesContextFacade, attendance, payroll calculation engine, geofencing, JPA converters, assemblers, and controllers. - src/test/java/com/andeva/atelier/platform/inventory/: Unit tests for InventoryContextFacade, purchase orders, suppliers, batch FIFO valuation, converters, and REST controllers. - src/test/java/com/andeva/atelier/platform/operations/: Unit tests for WorkshopOperationsContextFacade, event handlers, external adapters, and work order controllers. Modified: - src/test/java/com/andeva/atelier/platform/iam/: Aligned branch and membership controller test assertions with revised routes. - src/test/java/com/andeva/atelier/platform/invoicing/: Updated external adapter tests with customer fiscal validation mock. - src/test/java/com/andeva/atelier/platform/iot/: Updated IoT event handlers and adapter test suites.",08/10/2026
upc-pre-202620-1acc0238-4951-andeva/atelier-platform,main,8406720,feat: wire cross-context ACLs and controllers.,"Connect inter-boundary Anti-Corruption Layers (ACL), external event listeners, and quota adapters across CRM, HR, IAM, Inventory, Invoicing, IoT, and Workshop Operations, aligning REST controllers and profiles. Added: - src/main/java/com/andeva/atelier/platform/hr/application/internal/eventhandlers/HumanResourcesExternalEventsListener.java: Cross-context event listener for HR events. - src/main/java/com/andeva/atelier/platform/inventory/application/internal/outbound/acl/SubscriptionQuotaAclGateway.java: Outbound port for subscription quota checks in inventory. - src/main/java/com/andeva/atelier/platform/inventory/infrastructure/external/billing/SubscriptionQuotaAclAdapter.java: ACL adapter connecting Inventory to Billing quotas. - src/main/java/com/andeva/atelier/platform/iot/infrastructure/external/notification/firebase/FirebaseConfiguration.java: Centralized Firebase SDK configuration bean. - src/main/java/com/andeva/atelier/platform/operations/interfaces/acl/dto/WorkshopServiceCatalogAclDto.java: Service catalog DTO for cross-context operations queries. Modified: - src/main/java/com/andeva/atelier/platform/crm/: Updated CustomerFleetContextFacade, billing validator, and CRM REST controllers. - src/main/java/com/andeva/atelier/platform/hr/: Updated HumanResourcesContextFacade, geofencing ACL, labor commissions, and HR controllers. - src/main/java/com/andeva/atelier/platform/iam/: Aligned authentication, branches, and memberships REST controllers. - src/main/java/com/andeva/atelier/platform/inventory/: Enhanced InventoryContextFacade, parts catalog, batches, and purchase orders controllers. - src/main/java/com/andeva/atelier/platform/invoicing/: Updated fiscal validation ACL adapter and external event listeners. - src/main/java/com/andeva/atelier/platform/iot/: Updated vehicle lifecycle event handling and cross-context adapters. - src/main/java/com/andeva/atelier/platform/operations/: Updated WorkshopOperationsContextFacade, WorkOrder domain model/events, and controllers. - src/main/resources/application*.properties: Refined platform configuration properties for default and production profiles.",08/10/2026
upc-pre-202620-1acc0238-4951-andeva/atelier-platform,main,e8be27d,docs: remove temporary documentation notes.,Remove temporary tracking notes and invoicing prompts from the backend documentation directory to maintain clean documentation. Deleted: - docs/backend-documentation/issues.txt: Removed temporary issue tracking and gap analysis notes. - docs/invoicing-prompt.txt: Removed temporary invoicing prompt guidelines.,08/10/2026
upc-pre-202620-1acc0238-4951-andeva/atelier-platform,main,b266f1c,Merge tag '0.8.0' into develop,Release 0.8.0 0.8.0,07/10/2026
upc-pre-202620-1acc0238-4951-andeva/atelier-platform,main,da45159,Merge branch 'release/0.8.0',,07/10/2026
upc-pre-202620-1acc0238-4951-andeva/atelier-platform,main,3862d26,Merge branch 'feature/bounded-controllers' into develop,,07/10/2026
upc-pre-202620-1acc0238-4951-andeva/atelier-platform,main,eb97155,test: add unit tests for Invoicing and IoT.,"Implement comprehensive automated unit test coverage across all layers of the Invoicing & Compliance and IoT Telemetry & Predictive Maintenance bounded contexts, and update controller tests for subscriptions, branches, and memberships. Added: - src/test/java/com/andeva/atelier/platform/invoicing/: Complete unit tests for Domain (tax engine, voucher lines, correlatives), Application (commands, queries, events), Infrastructure (adapters, assemblers, converters), and Interfaces (controllers, advice). - src/test/java/com/andeva/atelier/platform/iot/: Complete unit tests for Domain (aggregates, DTC engine, thermodynamic models), Application (ingestion, alerts, installations), Infrastructure (TimescaleDB/JPA adapters), and Interfaces (telemetry controllers). Modified: - src/test/java/com/andeva/atelier/platform/billing/interfaces/rest/controllers/TenantSubscriptionsControllerTest.java: Updated test scenarios for subscription routes. - src/test/java/com/andeva/atelier/platform/iam/interfaces/rest/controllers/BranchesControllerTest.java: Added tests for branch management endpoints. - src/test/java/com/andeva/atelier/platform/iam/interfaces/rest/controllers/MembershipsControllerTest.java: Added tests for staff membership operations.",07/10/2026
upc-pre-202620-1acc0238-4951-andeva/atelier-platform,main,ce8ccc6,feat: add Invoicing and IoT bounded contexts.,"Implement the full domain-driven architectures for the Invoicing & Compliance bounded context (SUNAT e-invoicing, UBL 2.1, CDR processing) and the IoT Telemetry & Predictive Maintenance bounded context (TimescaleDB ingestion, OBD-II diagnostics, DTC codes, health reports). Added: - src/main/java/com/andeva/atelier/platform/invoicing/: Complete DDD layers (Domain, Application, Infrastructure, Interfaces) for SUNAT electronic invoicing, tax rules, UBL 2.1 XML signing, and invoice management. - src/main/java/com/andeva/atelier/platform/iot/: Complete DDD layers (Domain, Application, Infrastructure with TimescaleDB & JPA, Interfaces) for OBD-II device telemetry, DTC fault logging, and predictive maintenance alerts. - src/main/java/com/andeva/atelier/platform/shared/: Added ServiceId and WorkOrderId value objects and identifier records. Modified: - src/main/java/com/andeva/atelier/platform/billing/interfaces/rest/controllers/TenantSubscriptionsController.java: Refined subscription endpoints and cross-context integration mappings. - src/main/java/com/andeva/atelier/platform/iam/interfaces/rest/controllers/BranchesController.java: Updated branch controller endpoints and validation logic. - src/main/java/com/andeva/atelier/platform/iam/interfaces/rest/controllers/MembershipsController.java: Updated membership controller endpoints and quota checks. - src/main/resources/messages*.properties: Added English and Spanish localized error bundles for Invoicing and IoT domain exceptions.",07/10/2026
upc-pre-202620-1acc0238-4951-andeva/atelier-platform,main,82cd27f,refactor: update API specs and prune endpoints.,"Synchronize REST API documentation across all eight bounded contexts, document backend tracking issues, and remove deprecated standalone user management controller endpoints and redundant billing request DTOs. Added: - docs/backend-documentation/issues.txt: Issue analysis and resolution tracking for backend bounded contexts. - docs/invoicing-prompt.txt: Context specification prompts for Invoicing domain implementation. Modified: - docs/backend-documentation/api-endpoints/01-iam-and-tenancy.md: Synchronized IAM and Tenancy endpoint specifications. - docs/backend-documentation/api-endpoints/02-crm-and-fleet.md: Revised CRM and Fleet management API documentation. - docs/backend-documentation/api-endpoints/03-workshop-operations.md: Overhauled Workshop Operations endpoint documentation. - docs/backend-documentation/api-endpoints/04-inventory-and-supply-chain.md: Standardized Inventory and Supply Chain endpoints. - docs/backend-documentation/api-endpoints/05-human-resources.md: Adjusted Human Resources API documentation. - docs/backend-documentation/api-endpoints/06-invoicing-and-compliance.md: Updated Invoicing and Compliance API references. - docs/backend-documentation/api-endpoints/07-saas-billing-and-subscriptions.md: Refined SaaS Billing and Subscriptions API endpoints. - docs/backend-documentation/api-endpoints/08-iot-telemetry-and-predictive-maintenance.md: Updated IoT Telemetry and Maintenance endpoints. - docs/backend-documentation/api-endpoints/README.md: Updated API endpoint index and overview. Deleted: - src/main/java/com/andeva/atelier/platform/billing/interfaces/rest/resources/requests/ChangeSubscriptionPlanRequest.java: Removed redundant subscription change request DTO. - src/main/java/com/andeva/atelier/platform/iam/interfaces/rest/controllers/UsersController.java: Removed standalone user controller in favor of membership/auth workflows. - src/main/java/com/andeva/atelier/platform/iam/interfaces/rest/resources/requests/UpdateProfileResource.java: Removed unused profile update request DTO. - src/main/java/com/andeva/atelier/platform/iam/interfaces/rest/resources/responses/UserProfileResource.java: Removed unused user profile response DTO. - src/main/java/com/andeva/atelier/platform/iam/interfaces/rest/transform/UserProfileResourceFromEntityAssembler.java: Removed unused profile assembler. - src/test/java/com/andeva/atelier/platform/iam/interfaces/rest/controllers/UsersControllerTest.java: Removed test suite for deprecated UsersController.",07/10/2026
upc-pre-202620-1acc0238-4951-andeva/atelier-platform,main,9933761,Merge branch 'release/0.7.0',,06/10/2026
upc-pre-202620-1acc0238-4951-andeva/atelier-platform,main,ef7c13d,Merge tag '0.7.0' into develop,,06/10/2026
upc-pre-202620-1acc0238-4951-andeva/atelier-platform,main,c656620,Merge branch 'feature/human-resources' into develop,,06/10/2026
upc-pre-202620-1acc0238-4951-andeva/atelier-platform,main,700812e,"feat(hr): implement REST controllers, resources and assemblers for 27 canonical endpoints",,06/10/2026
upc-pre-202620-1acc0238-4951-andeva/atelier-platform,main,9c87ea6,"feat(hr): implement application command and query services, outbox publisher, ACL gateways and OHS facade",,06/10/2026
upc-pre-202620-1acc0238-4951-andeva/atelier-platform,main,b513ee2,"feat(hr): implement infrastructure persistence entities, converters, spring data repositories and adapters",,06/10/2026
upc-pre-202620-1acc0238-4951-andeva/atelier-platform,main,0d55879,"feat(hr): implement domain layer aggregates, value objects, domain services, events and repositories",,06/10/2026
upc-pre-202620-1acc0238-4951-andeva/atelier-platform,main,987e5dd,feat(shared): introduce TenantMembershipId strongly-typed value object,,06/10/2026
upc-pre-202620-1acc0238-4951-andeva/atelier-platform,main,4d5026d,Merge tag '0.6.0' into develop,,06/10/2026
upc-pre-202620-1acc0238-4951-andeva/atelier-platform,main,5e11cdc,Merge branch 'release/0.6.0',,06/10/2026
upc-pre-202620-1acc0238-4951-andeva/atelier-platform,main,322b4cb,Merge branch 'feature/inventory-supply-chain' into develop,,06/10/2026
upc-pre-202620-1acc0238-4951-andeva/atelier-platform,main,dc2df34,fix(inventory): configure outbox fallback execution and transactional boundary for stock reservations,,06/10/2026
upc-pre-202620-1acc0238-4951-andeva/atelier-platform,main,5c05d52,"refactor(inventory): optimize outbox event delivery, domain event dispatching, and CQRS query decoupling",,05/10/2026
upc-pre-202620-1acc0238-4951-andeva/atelier-platform,main,ba9f0af,"test(inventory): implement comprehensive domain, aggregate, FIFO engine, and application unit test suite",,05/10/2026
upc-pre-202620-1acc0238-4951-andeva/atelier-platform,main,cb562c3,feat(inventory): implement canonical REST controllers exposing 22 inventory and supply chain endpoints,,05/10/2026
upc-pre-202620-1acc0238-4951-andeva/atelier-platform,main,9e227f7,"feat(inventory): implement interface resources, assemblers, and inbound OHS context facade",,05/10/2026
upc-pre-202620-1acc0238-4951-andeva/atelier-platform,main,faae260,"feat(inventory): implement application event handlers, transactional outbox publisher, and outbound ACL gateways",,05/10/2026
upc-pre-202620-1acc0238-4951-andeva/atelier-platform,main,90241e0,feat(inventory): implement application command and query services with transactional orchestration,,05/10/2026
upc-pre-202620-1acc0238-4951-andeva/atelier-platform,main,26a0dcc,"feat(inventory): implement Spring Data repositories, persistence assemblers, and domain repository adapters",,05/10/2026
upc-pre-202620-1acc0238-4951-andeva/atelier-platform,main,98949d0,feat(inventory): implement JPA persistence entities and attribute converters,,05/10/2026
upc-pre-202620-1acc0238-4951-andeva/atelier-platform,main,12576a3,"feat(inventory): implement domain commands, queries, domain services, and repository ports",,05/10/2026
upc-pre-202620-1acc0238-4951-andeva/atelier-platform,main,88e324e,feat(inventory): implement domain aggregates and dependent entities with FIFO state machines,,05/10/2026
upc-pre-202620-1acc0238-4951-andeva/atelier-platform,main,e78bc33,"feat(inventory): define domain identifiers, value objects, and enumerations",,05/10/2026
upc-pre-202620-1acc0238-4951-andeva/atelier-platform,main,045fca8,Merge tag '0.5.0' into develop,,05/10/2026
upc-pre-202620-1acc0238-4951-andeva/atelier-platform,main,0158586,Merge branch 'release/0.5.0',,05/10/2026
upc-pre-202620-1acc0238-4951-andeva/atelier-platform,main,2bbe325,Merge branch 'feature/workshop-operations' into develop,,05/10/2026
upc-pre-202620-1acc0238-4951-andeva/atelier-platform,main,f668308,fix(operations): add autowired annotation to work order command service constructor,,05/10/2026
upc-pre-202620-1acc0238-4951-andeva/atelier-platform,main,598c185,"fix(operations): resolve task repository lookups, cascade persistence, outbox propagation, and bay releases",,05/10/2026
upc-pre-202620-1acc0238-4951-andeva/atelier-platform,main,a6bac4d,"test(operations): implement comprehensive domain, aggregate, and application unit test suite",,05/10/2026
upc-pre-202620-1acc0238-4951-andeva/atelier-platform,main,a5a4152,feat(operations): implement canonical REST controllers exposing 36 operations endpoints,,05/10/2026
upc-pre-202620-1acc0238-4951-andeva/atelier-platform,main,01d3cc4,"feat(operations): implement interface resources, assemblers, and inbound OHS context facade",,05/10/2026
upc-pre-202620-1acc0238-4951-andeva/atelier-platform,main,59d9554,"feat(operations): implement application event handlers, transactional outbox relays, and outbound ACL adapters",,04/10/2026
upc-pre-202620-1acc0238-4951-andeva/atelier-platform,main,00db481,feat(operations): implement application command and query services with deterministic orchestration,,04/10/2026
upc-pre-202620-1acc0238-4951-andeva/atelier-platform,main,e454248,"feat(operations): implement Spring Data repositories, persistence assemblers, and domain repository adapters",,04/10/2026
upc-pre-202620-1acc0238-4951-andeva/atelier-platform,main,41cfe07,feat(operations): implement JPA persistence entities and attribute converters,,04/10/2026
upc-pre-202620-1acc0238-4951-andeva/atelier-platform,main,e7c52b2,"feat(operations): implement domain commands, queries, domain services, and repository ports",,04/10/2026
upc-pre-202620-1acc0238-4951-andeva/atelier-platform,main,180c1da,feat(operations): implement domain aggregates and dependent entities with deterministic state machines,,04/10/2026
upc-pre-202620-1acc0238-4951-andeva/atelier-platform,main,4e8af32,"feat(operations): define domain identifiers, value objects, and enumerations",,04/10/2026
upc-pre-202620-1acc0238-4951-andeva/atelier-platform,main,38a737e,Merge tag '0.4.0' into develop,feat(crm): release 0.4.0 with canonical CRM customer & fleet domain and 22 endpoints 0.4.0,04/10/2026
upc-pre-202620-1acc0238-4951-andeva/atelier-platform,main,2143f6c,Merge branch 'release/0.4.0',,04/10/2026
upc-pre-202620-1acc0238-4951-andeva/atelier-platform,main,2dd881d,Merge branch 'feature/crm-customer-fleet' into develop,,04/10/2026
upc-pre-202620-1acc0238-4951-andeva/atelier-platform,main,80635fd,test(crm): remove REST endpoint simulation integration tests,,04/10/2026
upc-pre-202620-1acc0238-4951-andeva/atelier-platform,main,e393a87,feat(crm): align interface and domain layers with 22 canonical endpoints,,03/10/2026
upc-pre-202620-1acc0238-4951-andeva/atelier-platform,main,de53548,test(crm): remove internal database persistence integration tests,,03/10/2026
upc-pre-202620-1acc0238-4951-andeva/atelier-platform,main,01ec190,test(crm): add end-to-end HTTP REST endpoint integration test with PostgreSQL persistence,,03/10/2026
upc-pre-202620-1acc0238-4951-andeva/atelier-platform,main,4eb26dd,test(crm): add REST controller endpoint simulation integration test suite,,03/10/2026
upc-pre-202620-1acc0238-4951-andeva/atelier-platform,main,2932514,test(crm): add end-to-end database persistence integration test suite,,03/10/2026
upc-pre-202620-1acc0238-4951-andeva/atelier-platform,main,9e234cf,fix(crm): enhance persistence entities and adapters for domain assigned identifiers,,03/10/2026
upc-pre-202620-1acc0238-4951-andeva/atelier-platform,main,6e6138e,test(crm): implement comprehensive unit and aggregate test suites,,03/10/2026
upc-pre-202620-1acc0238-4951-andeva/atelier-platform,main,0711e4b,"feat(crm): implement REST interfaces, resources, assemblers, and ACL facade",,03/10/2026
upc-pre-202620-1acc0238-4951-andeva/atelier-platform,main,48ca15d,feat(crm): implement application command and query services with event handlers,,03/10/2026
upc-pre-202620-1acc0238-4951-andeva/atelier-platform,main,ebcf712,feat(crm): implement infrastructure persistence adapters and external clients,,03/10/2026
upc-pre-202620-1acc0238-4951-andeva/atelier-platform,main,ddff895,"feat(crm): implement domain aggregates, value objects, domain events, and ports",,03/10/2026
upc-pre-202620-1acc0238-4951-andeva/atelier-platform,main,e7b0607,Merge pull request #2 from upc-pre-202620-1acc0238-4951-andeva/develop,Merge tag '0.3.0' into develop,03/10/2026
upc-pre-202620-1acc0238-4951-andeva/atelier-platform,main,cfdf145,Merge tag '0.3.0' into develop,version 0.3.0,03/10/2026
upc-pre-202620-1acc0238-4951-andeva/atelier-platform,main,3bfa961,Merge branch 'release/0.3.0',,03/10/2026
upc-pre-202620-1acc0238-4951-andeva/atelier-platform,main,d120cfc,"Merge branch 'feature/external-billing' into develop # Please enter a commit message to explain why this merge is necessary, # especially if it merges an updated upstream into a topic branch. # # Lines starting with '#' will be ignored, and an empty message aborts # the commit.",,03/10/2026
upc-pre-202620-1acc0238-4951-andeva/atelier-platform,main,8c39fe3,feat(i18n): localize validation and exceptions.,"Implement dynamic internationalization across Bean Validation annotations and REST exception handlers using Spring MessageSource and Accept-Language header resolution, supporting English and Spanish locales. Modified: - src/main/java/com/andeva/atelier/platform/billing/interfaces/rest/advice/BillingExceptionHandler.java: Integrated MessageSource for localized problem details. - src/main/java/com/andeva/atelier/platform/iam/interfaces/rest/controllers/AuthenticationController.java: Injected MessageSource for localized auth response messages. - src/main/java/com/andeva/atelier/platform/iam/interfaces/rest/resources/requests/*: Replaced hardcoded validation messages with i18n bundle keys across all request DTOs. - src/main/java/com/andeva/atelier/platform/shared/application/result/ApplicationError.java: Added localization key resolution support. - src/main/java/com/andeva/atelier/platform/shared/infrastructure/i18n/configuration/LocaleConfiguration.java: Configured ReloadableResourceBundleMessageSource and LocalValidatorFactoryBean. - src/main/java/com/andeva/atelier/platform/shared/interfaces/rest/GlobalExceptionHandler.java: Added AccessDeniedException handler and MessageSource key fallback lookup. - src/main/java/com/andeva/atelier/platform/shared/interfaces/rest/transform/ErrorResponseAssembler.java: Enhanced error resource builder with localization support. - src/main/resources/messages*.properties: Added Spanish and English keys for Bean Validation constraints and auth responses. - src/test/java/*: Updated controller and advice tests to verify localized error message responses.",03/10/2026
upc-pre-202620-1acc0238-4951-andeva/atelier-platform,main,5f3cccc,Merge pull request #1 from upc-pre-202620-1acc0238-4951-andeva/develop,Merge tag '0.2.0' into develop,03/10/2026
upc-pre-202620-1acc0238-4951-andeva/atelier-platform,main,6f2efca,Merge tag '0.2.0' into develop,version 0.2.0,03/10/2026
upc-pre-202620-1acc0238-4951-andeva/atelier-platform,main,20b63ed,Merge branch 'release/0.2.0',,03/10/2026
upc-pre-202620-1acc0238-4951-andeva/atelier-platform,main,84b2297,Merge branch 'feature/billing' into develop,# Conflicts: # src/main/java/com/andeva/atelier/platform/iam/infrastructure/external/quota/SubscriptionQuotaAdapter.java # src/main/java/com/andeva/atelier/platform/iam/infrastructure/security/configuration/WebSecurityConfiguration.java # src/main/resources/messages.properties # src/main/resources/messages_en.properties # src/main/resources/messages_es.properties # src/test/java/com/andeva/atelier/platform/AtelierPlatformApplicationTests.java # src/test/java/com/andeva/atelier/platform/iam/infrastructure/external/OutboundAdaptersTest.java,03/10/2026
upc-pre-202620-1acc0238-4951-andeva/atelier-platform,main,1378db4,test(billing): add comprehensive test suite.,"Implement full unit test coverage across all layers of the Billing & Subscriptions bounded context (Domain, Application, Infrastructure, and Interfaces) verifying plan aggregates, subscription lifecycles, quota enforcement, Stripe webhook idempotency, REST controllers, and provide localized i18n error messages. Added: - src/test/java/com/andeva/atelier/platform/billing/application/: Unit tests for command/query services, outbox publisher, event handlers, and subscription context facade. - src/test/java/com/andeva/atelier/platform/billing/domain/: Unit tests for aggregates (Plan, Subscription, Invoice, WebhookEvent), domain services, and value objects. - src/test/java/com/andeva/atelier/platform/billing/infrastructure/: Unit tests for external adapters (Stripe, Caffeine, Resend), JPA converters, assemblers, and repositories. - src/test/java/com/andeva/atelier/platform/billing/interfaces/rest/: MockMvc unit tests for Billing REST controllers, exception handler, and resource assemblers. Modified: - src/main/resources/messages*.properties: Added English and Spanish localized error messages for Billing domain exceptions. - src/test/java/com/andeva/atelier/platform/AtelierPlatformApplicationTests.java: Updated smoke test context configurations. - src/test/java/com/andeva/atelier/platform/iam/infrastructure/external/OutboundAdaptersTest.java: Updated SubscriptionQuotaAdapter tests with mocked SubscriptionContextFacade.",03/10/2026
upc-pre-202620-1acc0238-4951-andeva/atelier-platform,main,4a0d52d,feat: integrate billing with IAM and security.,"Connect the Billing bounded context with IAM and platform security, enabling Spring scheduling and caching annotations, wiring the SubscriptionQuotaAdapter to SubscriptionContextFacade, permitting billing webhook and plan endpoints in WebSecurityConfiguration, and adding aggregate-type scoped polling to OutboxMessageJpaRepository. Modified: - src/main/java/com/andeva/atelier/platform/AtelierPlatformApplication.java: Added @EnableScheduling and @EnableCaching annotations. - src/main/java/com/andeva/atelier/platform/iam/infrastructure/external/quota/SubscriptionQuotaAdapter.java: Delegated quota checks to SubscriptionContextFacade. - src/main/java/com/andeva/atelier/platform/iam/infrastructure/security/configuration/WebSecurityConfiguration.java: Permitted unauthenticated access to Stripe webhooks and public plans. - src/main/java/com/andeva/atelier/platform/shared/infrastructure/outbox/repositories/OutboxMessageJpaRepository.java: Added aggregate-type filtered outbox query method.",03/10/2026
upc-pre-202620-1acc0238-4951-andeva/atelier-platform,main,69005a5,feat(billing): add REST controllers and ACL.,"Establish the Interfaces Layer for the Billing & Subscriptions bounded context, delivering REST controllers for subscription plans, tenant subscriptions, SaaS invoices, and Stripe webhook handling, along with cross-context SubscriptionContextFacade and integration events. Added: - src/main/java/com/andeva/atelier/platform/billing/interfaces/acl/: SubscriptionContextFacade interface and quota/entitlement ACL DTOs. - src/main/java/com/andeva/atelier/platform/billing/interfaces/events/: Outbound integration events for subscription upgrades, status changes, and suspensions. - src/main/java/com/andeva/atelier/platform/billing/interfaces/rest/advice/BillingExceptionHandler.java: RFC 7807 problem details exception handler for billing domain exceptions. - src/main/java/com/andeva/atelier/platform/billing/interfaces/rest/controllers/: REST controllers for subscription plans, tenant subscriptions, SaaS invoices, and Stripe webhooks. - src/main/java/com/andeva/atelier/platform/billing/interfaces/rest/resources/: Validated request and response DTO records with OpenAPI annotations. - src/main/java/com/andeva/atelier/platform/billing/interfaces/rest/transform/: DTO assemblers mapping domain aggregates to response resources.",03/10/2026
upc-pre-202620-1acc0238-4951-andeva/atelier-platform,main,a523591,feat(billing): implement infrastructure layer.,"Establish the Infrastructure Layer for the Billing & Subscriptions bounded context, implementing Stripe payment gateway and webhook verification adapters, Caffeine quota caching, Resend email notifications, JPA persistence entities, converters, and repository adapters. Added: - src/main/java/com/andeva/atelier/platform/billing/infrastructure/external/: External adapters for Stripe checkout & webhook signature verification, Caffeine cache, Resend billing emails, and Outbox message relay. - src/main/java/com/andeva/atelier/platform/billing/infrastructure/persistence/jpa/adapters/: Repository adapter implementations mapping domain repositories to JPA. - src/main/java/com/andeva/atelier/platform/billing/infrastructure/persistence/jpa/assemblers/: Bidirectional mapping assemblers between JPA entities and billing aggregates. - src/main/java/com/andeva/atelier/platform/billing/infrastructure/persistence/jpa/converters/: JPA attribute converters for BillingCycle, InvoiceStatus, PlanTier, SubscriptionStatus, and WebhookProcessingStatus. - src/main/java/com/andeva/atelier/platform/billing/infrastructure/persistence/jpa/entities/: Relational persistence entities for plans, features, subscriptions, invoices, and webhook event logs. - src/main/java/com/andeva/atelier/platform/billing/infrastructure/persistence/jpa/repositories/: Spring Data JPA repository interfaces for billing queries.",03/10/2026
upc-pre-202620-1acc0238-4951-andeva/atelier-platform,main,c9db48d,feat(billing): implement application services.,"Implement the Application Layer for the Billing & Subscriptions bounded context, delivering CQRS command and query services for plans, tenant subscriptions, SaaS invoices, Stripe webhook idempotency, event handlers, and anti-corruption layer facades. Added: - src/main/java/com/andeva/atelier/platform/billing/application/acl/SubscriptionContextFacadeImpl.java: Cross-context ACL implementation for subscription quotas and tier limits. - src/main/java/com/andeva/atelier/platform/billing/application/commandservices/: Inbound command service interfaces for plans, subscriptions, invoices, and webhooks. - src/main/java/com/andeva/atelier/platform/billing/application/internal/commandservices/: Command service implementations managing transactions, Stripe integration, and audits. - src/main/java/com/andeva/atelier/platform/billing/application/internal/eventhandlers/: Domain and integration event handlers for subscription lifecycles and transactional outbox. - src/main/java/com/andeva/atelier/platform/billing/application/internal/outbound/acl/: Outbound port contracts for Stripe, caching, tenant validation, and notifications. - src/main/java/com/andeva/atelier/platform/billing/application/internal/queryservices/: Query service implementations executing read models for plans, subscriptions, and invoices. - src/main/java/com/andeva/atelier/platform/billing/application/queryservices/: Inbound query service interfaces for plans, subscriptions, and invoices.",03/10/2026
upc-pre-202620-1acc0238-4951-andeva/atelier-platform,main,e5c3544,feat(billing): implement domain layer components.,"Introduce the DDD Domain Layer for the Billing & Subscriptions bounded context, providing aggregates, entities, value objects, domain services, domain events, CQRS command/query records, exceptions, and repository interfaces for SaaS tier subscription management and Stripe billing. Added: - src/main/java/com/andeva/atelier/platform/billing/domain/exceptions/: Domain exceptions for plan pricing, quotas, subscriptions, invoices, and Stripe webhooks. - src/main/java/com/andeva/atelier/platform/billing/domain/model/aggregates/: SubscriptionPlan, TenantSubscription, SaasInvoice, and StripeWebhookEvent aggregates. - src/main/java/com/andeva/atelier/platform/billing/domain/model/commands/: CQRS commands for plan management, subscription lifecycle, checkout sessions, and webhook processing. - src/main/java/com/andeva/atelier/platform/billing/domain/model/entities/: PlanFeature entity representing subscription tier feature flags and limits. - src/main/java/com/andeva/atelier/platform/billing/domain/model/enums/: BillingCycle, InvoiceStatus, PlanTier, SubscriptionStatus, and WebhookProcessingStatus enums. - src/main/java/com/andeva/atelier/platform/billing/domain/model/events/: Domain events for subscription activations, plan changes, renewals, cancellations, and invoices. - src/main/java/com/andeva/atelier/platform/billing/domain/model/ids/: Strongly typed identifiers (PlanId, PlanFeatureId, SubscriptionId, SaasInvoiceId, StripeEventId). - src/main/java/com/andeva/atelier/platform/billing/domain/model/queries/: CQRS queries for plans, tenant subscriptions, quotas, and invoices. - src/main/java/com/andeva/atelier/platform/billing/domain/model/valueobjects/: PlanPricing, SubscriptionPeriod, TenantQuotaLimits, and Stripe IDs value objects. - src/main/java/com/andeva/atelier/platform/billing/domain/repositories/: Repository interfaces for plans, subscriptions, invoices, and webhook idempotency. - src/main/java/com/andeva/atelier/platform/billing/domain/services/: Domain services for Stripe signature verification, lifecycle transitions, and quota enforcement.",03/10/2026
upc-pre-202620-1acc0238-4951-andeva/atelier-platform,main,4fd25c6,feat(iam): add localized domain error messages.,"Add internationalized (i18n) error message translations in English and Spanish for all IAM and Tenancy domain exceptions, including tenants, branches, users, authentication credentials, verification tokens, roles, memberships, and invitations. Modified: - src/main/resources/messages.properties: Added default IAM and Tenancy domain error keys. - src/main/resources/messages_en.properties: Added English translations for IAM domain error keys. - src/main/resources/messages_es.properties: Added Spanish translations for IAM domain error keys.",03/10/2026
upc-pre-202620-1acc0238-4951-andeva/atelier-platform,main,159ce6b,feat(shared): add Result and TaxId helpers.,"Enhance Result monad with getOrThrow() and getError() convenience methods, and introduce TaxId.of(value) factory method with automatic type inference for Peruvian DNI and RUC identification documents. Modified: - src/main/java/com/andeva/atelier/platform/shared/application/result/Result.java: Added getOrThrow() and getError() convenience methods. - src/main/java/com/andeva/atelier/platform/shared/domain/model/valueobjects/TaxId.java: Added TaxId.of(value) static factory method with length-based type inference.",03/10/2026
upc-pre-202620-1acc0238-4951-andeva/atelier-platform,main,4a71c67,test(iam): add comprehensive unit test suite.,"Implement full unit test coverage across all layers of the IAM bounded context, verifying domain aggregates and business invariants, CQRS command/query services, TenancyContextFacade ACL, persistence adapters and assemblers, security pipeline filters, and REST controllers. Added: - src/test/java/com/andeva/atelier/platform/iam/application/: Unit tests for command services, query services, domain event handlers, and tenancy context facade. - src/test/java/com/andeva/atelier/platform/iam/domain/: Unit tests for aggregates (Tenant, User, Role, Membership, Invitation), entities, value objects, and domain exceptions. - src/test/java/com/andeva/atelier/platform/iam/infrastructure/: Unit tests for persistence adapters, assemblers, embeddables, security filter pipeline, and token services. - src/test/java/com/andeva/atelier/platform/iam/interfaces/rest/controllers/: MockMvc unit tests for all IAM REST controllers covering validation, error handling, and authorization. Modified: - src/test/java/com/andeva/atelier/platform/AtelierPlatformApplicationTests.java: Added context load test verification annotation.",03/10/2026
upc-pre-202620-1acc0238-4951-andeva/atelier-platform,main,b6dad09,feat(iam): implement REST controllers and ACL.,"Establish the Interfaces Layer for the IAM bounded context, delivering REST controllers with OpenAPI documentation, request/response DTO resources, command/resource assemblers, outbound integration events, and the anti-corruption layer (ACL) TenancyContextFacade contract. Added: - src/main/java/com/andeva/atelier/platform/iam/interfaces/acl/: TenancyContextFacade interface and cross-boundary ACL DTO records. - src/main/java/com/andeva/atelier/platform/iam/interfaces/events/: Outbound integration events for tenant, branch, user, and membership lifecycles. - src/main/java/com/andeva/atelier/platform/iam/interfaces/rest/controllers/: REST controllers for Auth, Tenants, Branches, Roles, Memberships, Invitations, and Users. - src/main/java/com/andeva/atelier/platform/iam/interfaces/rest/resources/requests/: Validated request DTO records with Jakarta Validation constraints. - src/main/java/com/andeva/atelier/platform/iam/interfaces/rest/resources/responses/: Immutable response DTO records for IAM entities. - src/main/java/com/andeva/atelier/platform/iam/interfaces/rest/transform/: Assembler mappers transforming DTOs into domain commands and aggregates into response resources.",03/10/2026
upc-pre-202620-1acc0238-4951-andeva/atelier-platform,main,2dfa141,feat(iam): implement infrastructure and security.,"Establish the Infrastructure Layer for the IAM bounded context, providing Spring Security with JWT Bearer authentication, external adapters for Resend email and Google OAuth, JPA persistence entities, Spring Data repositories, and entity-to-aggregate persistence assemblers. Added: - src/main/java/com/andeva/atelier/platform/iam/infrastructure/external/: External adapters for Google OAuth identity, Subscription quota verification, and Resend email delivery. - src/main/java/com/andeva/atelier/platform/iam/infrastructure/persistence/jpa/adapters/: Repository adapter implementations mapping domain repositories to JPA. - src/main/java/com/andeva/atelier/platform/iam/infrastructure/persistence/jpa/assemblers/: Bidirectional mapping assemblers between JPA entities and domain aggregates. - src/main/java/com/andeva/atelier/platform/iam/infrastructure/persistence/jpa/embeddables/: JPA embeddables including GeoPointEmbeddable. - src/main/java/com/andeva/atelier/platform/iam/infrastructure/persistence/jpa/entities/: Relational persistence entities for tenants, branches, users, roles, memberships, and tokens. - src/main/java/com/andeva/atelier/platform/iam/infrastructure/persistence/jpa/repositories/: Spring Data JPA repository interfaces with optimized queries. - src/main/java/com/andeva/atelier/platform/iam/infrastructure/security/: Spring Security configuration, JWT Bearer filter, UserDetailsService, and BCrypt hashing.",03/10/2026
upc-pre-202620-1acc0238-4951-andeva/atelier-platform,main,7a9b3c2,feat(iam): implement application layer services.,"Implement the Application Layer for the IAM bounded context, providing CQRS command and query services for tenants, users, roles, memberships, branches, and invitations, along with anti-corruption layer facades, event handlers, and outbound port contracts. Added: - src/main/java/com/andeva/atelier/platform/iam/application/acl/TenancyContextFacadeImpl.java: Multi-tenant ACL context facade for tenant resolution and validation. - src/main/java/com/andeva/atelier/platform/iam/application/commandservices/: Inbound command service interfaces for IAM business operations. - src/main/java/com/andeva/atelier/platform/iam/application/internal/commandservices/: Command service implementations managing transactions and business rules. - src/main/java/com/andeva/atelier/platform/iam/application/internal/dto/: Internal data transfer records for authentication and invitations. - src/main/java/com/andeva/atelier/platform/iam/application/internal/eventhandlers/: Application event handlers reacting to tenant and user lifecycle domain events. - src/main/java/com/andeva/atelier/platform/iam/application/internal/outbound/: Outbound ports for hashing, token generation, email dispatch, and Google auth. - src/main/java/com/andeva/atelier/platform/iam/application/internal/queryservices/: Query service implementations executing read operations. - src/main/java/com/andeva/atelier/platform/iam/application/queryservices/: Inbound query service interfaces for IAM resources.",03/10/2026
upc-pre-202620-1acc0238-4951-andeva/atelier-platform,main,5f47e96,feat(iam): implement domain layer components.,"Introduce the DDD Domain Layer for the Identity & Access Management (IAM) bounded context, implementing aggregates, entities, value objects, domain events, CQRS command/query records, exceptions, and repository interfaces. Added: - src/main/java/com/andeva/atelier/platform/iam/domain/exceptions/: Domain exceptions for tenants, users, roles, memberships, invitations, and auth. - src/main/java/com/andeva/atelier/platform/iam/domain/model/aggregates/: Tenant, User, Role, TenantMembership, and Invitation aggregate roots. - src/main/java/com/andeva/atelier/platform/iam/domain/model/commands/: CQRS command records for registration, authentication, RBAC, invitations, and profiles. - src/main/java/com/andeva/atelier/platform/iam/domain/model/entities/: Branch, Permission, Profile, and VerificationToken domain entities. - src/main/java/com/andeva/atelier/platform/iam/domain/model/enums/: Domain enumerations for auth providers, statuses, role templates, and salary types. - src/main/java/com/andeva/atelier/platform/iam/domain/model/events/: Domain events for tenant, user, role, membership, and invitation lifecycles. - src/main/java/com/andeva/atelier/platform/iam/domain/model/ids/: Strongly typed identifiers (InvitationId, PermissionId, RoleId, TenantMembershipId). - src/main/java/com/andeva/atelier/platform/iam/domain/model/queries/: CQRS query records for users, tenants, branches, memberships, and roles. - src/main/java/com/andeva/atelier/platform/iam/domain/model/valueobjects/: Password and PersonName value objects. - src/main/java/com/andeva/atelier/platform/iam/domain/repositories/: Domain repository interfaces for tenants, users, roles, memberships, branches, invitations, and permissions.",03/10/2026
upc-pre-202620-1acc0238-4951-andeva/atelier-platform,main,e775b7a,feat(iam): add localized domain error messages.,"Add internationalized (i18n) error message translations in English and Spanish for all IAM and Tenancy domain exceptions, including tenants, branches, users, authentication credentials, verification tokens, roles, memberships, and invitations. Modified: - src/main/resources/messages.properties: Added default IAM and Tenancy domain error keys. - src/main/resources/messages_en.properties: Added English translations for IAM domain error keys. - src/main/resources/messages_es.properties: Added Spanish translations for IAM domain error keys.",03/10/2026
upc-pre-202620-1acc0238-4951-andeva/atelier-platform,main,2291afc,feat(shared): add Result and TaxId helpers.,"Enhance Result monad with getOrThrow() and getError() convenience methods, and introduce TaxId.of(value) factory method with automatic type inference for Peruvian DNI and RUC identification documents. Modified: - src/main/java/com/andeva/atelier/platform/shared/application/result/Result.java: Added getOrThrow() and getError() convenience methods. - src/main/java/com/andeva/atelier/platform/shared/domain/model/valueobjects/TaxId.java: Added TaxId.of(value) static factory method with length-based type inference.",03/10/2026
upc-pre-202620-1acc0238-4951-andeva/atelier-platform,main,debd8b3,test(iam): add comprehensive unit test suite.,"Implement full unit test coverage across all layers of the IAM bounded context, verifying domain aggregates and business invariants, CQRS command/query services, TenancyContextFacade ACL, persistence adapters and assemblers, security pipeline filters, and REST controllers. Added: - src/test/java/com/andeva/atelier/platform/iam/application/: Unit tests for command services, query services, domain event handlers, and tenancy context facade. - src/test/java/com/andeva/atelier/platform/iam/domain/: Unit tests for aggregates (Tenant, User, Role, Membership, Invitation), entities, value objects, and domain exceptions. - src/test/java/com/andeva/atelier/platform/iam/infrastructure/: Unit tests for persistence adapters, assemblers, embeddables, security filter pipeline, and token services. - src/test/java/com/andeva/atelier/platform/iam/interfaces/rest/controllers/: MockMvc unit tests for all IAM REST controllers covering validation, error handling, and authorization. Modified: - src/test/java/com/andeva/atelier/platform/AtelierPlatformApplicationTests.java: Added context load test verification annotation.",03/10/2026
upc-pre-202620-1acc0238-4951-andeva/atelier-platform,main,f20089d,feat(iam): implement REST controllers and ACL.,"Establish the Interfaces Layer for the IAM bounded context, delivering REST controllers with OpenAPI documentation, request/response DTO resources, command/resource assemblers, outbound integration events, and the anti-corruption layer (ACL) TenancyContextFacade contract. Added: - src/main/java/com/andeva/atelier/platform/iam/interfaces/acl/: TenancyContextFacade interface and cross-boundary ACL DTO records. - src/main/java/com/andeva/atelier/platform/iam/interfaces/events/: Outbound integration events for tenant, branch, user, and membership lifecycles. - src/main/java/com/andeva/atelier/platform/iam/interfaces/rest/controllers/: REST controllers for Auth, Tenants, Branches, Roles, Memberships, Invitations, and Users. - src/main/java/com/andeva/atelier/platform/iam/interfaces/rest/resources/requests/: Validated request DTO records with Jakarta Validation constraints. - src/main/java/com/andeva/atelier/platform/iam/interfaces/rest/resources/responses/: Immutable response DTO records for IAM entities. - src/main/java/com/andeva/atelier/platform/iam/interfaces/rest/transform/: Assembler mappers transforming DTOs into domain commands and aggregates into response resources.",03/10/2026
upc-pre-202620-1acc0238-4951-andeva/atelier-platform,main,a0a32e2,feat(iam): implement infrastructure and security.,"Establish the Infrastructure Layer for the IAM bounded context, providing Spring Security with JWT Bearer authentication, external adapters for Resend email and Google OAuth, JPA persistence entities, Spring Data repositories, and entity-to-aggregate persistence assemblers. Added: - src/main/java/com/andeva/atelier/platform/iam/infrastructure/external/: External adapters for Google OAuth identity, Subscription quota verification, and Resend email delivery. - src/main/java/com/andeva/atelier/platform/iam/infrastructure/persistence/jpa/adapters/: Repository adapter implementations mapping domain repositories to JPA. - src/main/java/com/andeva/atelier/platform/iam/infrastructure/persistence/jpa/assemblers/: Bidirectional mapping assemblers between JPA entities and domain aggregates. - src/main/java/com/andeva/atelier/platform/iam/infrastructure/persistence/jpa/embeddables/: JPA embeddables including GeoPointEmbeddable. - src/main/java/com/andeva/atelier/platform/iam/infrastructure/persistence/jpa/entities/: Relational persistence entities for tenants, branches, users, roles, memberships, and tokens. - src/main/java/com/andeva/atelier/platform/iam/infrastructure/persistence/jpa/repositories/: Spring Data JPA repository interfaces with optimized queries. - src/main/java/com/andeva/atelier/platform/iam/infrastructure/security/: Spring Security configuration, JWT Bearer filter, UserDetailsService, and BCrypt hashing.",03/10/2026
upc-pre-202620-1acc0238-4951-andeva/atelier-platform,main,75ea030,feat(iam): implement application layer services.,"Implement the Application Layer for the IAM bounded context, providing CQRS command and query services for tenants, users, roles, memberships, branches, and invitations, along with anti-corruption layer facades, event handlers, and outbound port contracts. Added: - src/main/java/com/andeva/atelier/platform/iam/application/acl/TenancyContextFacadeImpl.java: Multi-tenant ACL context facade for tenant resolution and validation. - src/main/java/com/andeva/atelier/platform/iam/application/commandservices/: Inbound command service interfaces for IAM business operations. - src/main/java/com/andeva/atelier/platform/iam/application/internal/commandservices/: Command service implementations managing transactions and business rules. - src/main/java/com/andeva/atelier/platform/iam/application/internal/dto/: Internal data transfer records for authentication and invitations. - src/main/java/com/andeva/atelier/platform/iam/application/internal/eventhandlers/: Application event handlers reacting to tenant and user lifecycle domain events. - src/main/java/com/andeva/atelier/platform/iam/application/internal/outbound/: Outbound ports for hashing, token generation, email dispatch, and Google auth. - src/main/java/com/andeva/atelier/platform/iam/application/internal/queryservices/: Query service implementations executing read operations. - src/main/java/com/andeva/atelier/platform/iam/application/queryservices/: Inbound query service interfaces for IAM resources.",03/10/2026
upc-pre-202620-1acc0238-4951-andeva/atelier-platform,main,12e8c6c,feat(iam): implement domain layer components.,"Introduce the DDD Domain Layer for the Identity & Access Management (IAM) bounded context, implementing aggregates, entities, value objects, domain events, CQRS command/query records, exceptions, and repository interfaces. Added: - src/main/java/com/andeva/atelier/platform/iam/domain/exceptions/: Domain exceptions for tenants, users, roles, memberships, invitations, and auth. - src/main/java/com/andeva/atelier/platform/iam/domain/model/aggregates/: Tenant, User, Role, TenantMembership, and Invitation aggregate roots. - src/main/java/com/andeva/atelier/platform/iam/domain/model/commands/: CQRS command records for registration, authentication, RBAC, invitations, and profiles. - src/main/java/com/andeva/atelier/platform/iam/domain/model/entities/: Branch, Permission, Profile, and VerificationToken domain entities. - src/main/java/com/andeva/atelier/platform/iam/domain/model/enums/: Domain enumerations for auth providers, statuses, role templates, and salary types. - src/main/java/com/andeva/atelier/platform/iam/domain/model/events/: Domain events for tenant, user, role, membership, and invitation lifecycles. - src/main/java/com/andeva/atelier/platform/iam/domain/model/ids/: Strongly typed identifiers (InvitationId, PermissionId, RoleId, TenantMembershipId). - src/main/java/com/andeva/atelier/platform/iam/domain/model/queries/: CQRS query records for users, tenants, branches, memberships, and roles. - src/main/java/com/andeva/atelier/platform/iam/domain/model/valueobjects/: Password and PersonName value objects. - src/main/java/com/andeva/atelier/platform/iam/domain/repositories/: Domain repository interfaces for tenants, users, roles, memberships, branches, invitations, and permissions.",03/10/2026
upc-pre-202620-1acc0238-4951-andeva/atelier-platform,main,21bda4d,Merge tag '0.1.0' into develop,version 0.1.0,02/10/2026
upc-pre-202620-1acc0238-4951-andeva/atelier-platform,main,bc6832f,Merge branch 'release/0.1.0',,02/10/2026
upc-pre-202620-1acc0238-4951-andeva/atelier-platform,main,8ae502b,Merge branch 'feature/shared' into develop,,02/10/2026
upc-pre-202620-1acc0238-4951-andeva/atelier-platform,main,22cdefd,test(shared): add unit tests for shared kernel.,"Implement comprehensive automated unit test coverage across all layers of the Shared Kernel bounded context (Domain, Application, Infrastructure, and Interfaces) verifying value objects, CQRS handlers, Result monad, JPA persistence, Outbox pattern, and REST exception handling. Added: - src/test/java/com/andeva/atelier/platform/shared/application/handlers/CqrsHandlersTest.java: Unit tests for CommandHandler, QueryHandler, and DomainEventHandler. - src/test/java/com/andeva/atelier/platform/shared/application/pagination/PaginationTest.java: Unit tests for PagedQuery and PagedResult. - src/test/java/com/andeva/atelier/platform/shared/application/result/ApplicationErrorTest.java: Unit tests for ApplicationError factory methods and localization keys. - src/test/java/com/andeva/atelier/platform/shared/application/result/ResultTest.java: Comprehensive unit tests for Result monad operations (map, flatMap, getOrThrow). - src/test/java/com/andeva/atelier/platform/shared/domain/model/aggregates/AbstractDomainAggregateRootTest.java: Unit tests for domain event registration and clearing. - src/test/java/com/andeva/atelier/platform/shared/domain/model/valueobjects/ValueObjectsTest.java: In-depth unit tests for all domain value objects and business invariants. - src/test/java/com/andeva/atelier/platform/shared/infrastructure/documentation/OpenApiConfigurationTest.java: Tests for OpenAPI 3.0 configuration bean instantiation. - src/test/java/com/andeva/atelier/platform/shared/infrastructure/outbox/OutboxPersistenceTest.java: Tests for outbox event persistence and polling repository. - src/test/java/com/andeva/atelier/platform/shared/infrastructure/persistence/jpa/configuration/strategy/NamingStrategyTest.java: Tests for snake_case and pluralization naming strategy. - src/test/java/com/andeva/atelier/platform/shared/infrastructure/persistence/jpa/converters/JpaConvertersTest.java: Tests for JPA attribute converters roundtrip conversions. - src/test/java/com/andeva/atelier/platform/shared/infrastructure/persistence/jpa/entities/AuditableEntityTest.java: Tests for auditable persistence entity metadata. - src/test/java/com/andeva/atelier/platform/shared/interfaces/rest/GlobalExceptionHandlerTest.java: Unit tests for GlobalExceptionHandler RFC 7807 responses. - src/test/java/com/andeva/atelier/platform/shared/interfaces/rest/filters/CorrelationIdFilterTest.java: Tests for CorrelationIdFilter request propagation and MDC. - src/test/java/com/andeva/atelier/platform/shared/interfaces/rest/resources/RestResourcesTest.java: Tests for REST DTO resource records. - src/test/java/com/andeva/atelier/platform/shared/interfaces/rest/transform/ResponseAssemblersTest.java: Tests for ErrorResponseAssembler and ResponseEntityAssembler. Modified: - src/test/java/com/andeva/atelier/platform/AtelierPlatformApplicationTests.java: Added class-level documentation to smoke test suite. - src/test/resources/application.properties: Configured physical naming strategy for test runtime environment.",02/10/2026
upc-pre-202620-1acc0238-4951-andeva/atelier-platform,main,a7e045c,docs: add javadoc to main application class.,Add class-level Javadoc with author attribution to the primary Spring Boot application entry point class. Modified: - src/main/java/com/andeva/atelier/platform/AtelierPlatformApplication.java: Added class-level Javadoc documentation.,02/10/2026
upc-pre-202620-1acc0238-4951-andeva/atelier-platform,main,852cf82,feat(shared): implement REST interfaces layer.,"Establish the REST Interfaces Layer for the Shared Kernel bounded context, introducing RFC 7807 compliant error responses, correlation ID request tracing via servlet filter, centralized GlobalExceptionHandler, and response assemblers for Result monad mapping. Added: - src/main/java/com/andeva/atelier/platform/shared/interfaces/rest/GlobalExceptionHandler.java: Controller advice translating domain and validation exceptions to RFC 7807 responses. - src/main/java/com/andeva/atelier/platform/shared/interfaces/rest/filters/CorrelationIdFilter.java: Servlet filter extracting or generating X-Correlation-ID for MDC logging. - src/main/java/com/andeva/atelier/platform/shared/interfaces/rest/resources/ErrorResource.java: RFC 7807 problem details DTO record. - src/main/java/com/andeva/atelier/platform/shared/interfaces/rest/resources/MessageResource.java: Standard generic message response DTO record. - src/main/java/com/andeva/atelier/platform/shared/interfaces/rest/resources/PagedResultResource.java: Standard paginated response DTO record with metadata. - src/main/java/com/andeva/atelier/platform/shared/interfaces/rest/transform/ErrorResponseAssembler.java: Utility for converting exceptions and ApplicationError into ErrorResource. - src/main/java/com/andeva/atelier/platform/shared/interfaces/rest/transform/ResponseEntityAssembler.java: Utility mapping Result monad directly to Spring ResponseEntity.",02/10/2026
upc-pre-202620-1acc0238-4951-andeva/atelier-platform,main,54b4382,feat(shared): implement infrastructure layer.,"Establish the Infrastructure Layer for the Shared Kernel bounded context, featuring JPA persistence base classes and attribute converters, a transactional Outbox pattern event publisher, OpenAPI 3.0 configuration, Jackson modules, and internationalization locale resolvers. Added: - src/main/java/com/andeva/atelier/platform/shared/infrastructure/documentation/openapi/configuration/OpenApiConfiguration.java: OpenAPI 3.0 documentation metadata with JWT security scheme. - src/main/java/com/andeva/atelier/platform/shared/infrastructure/i18n/configuration/LocaleConfiguration.java: Accept-Header locale resolver configuration. - src/main/java/com/andeva/atelier/platform/shared/infrastructure/outbox/entities/OutboxMessagePersistenceEntity.java: JPA entity storing pending outbox domain events. - src/main/java/com/andeva/atelier/platform/shared/infrastructure/outbox/entities/OutboxStatus.java: Lifecycle states for outbox messages (PENDING, PUBLISHED, FAILED). - src/main/java/com/andeva/atelier/platform/shared/infrastructure/outbox/publisher/JpaDomainEventPublisher.java: Outbox-based domain event publisher persisting events to database. - src/main/java/com/andeva/atelier/platform/shared/infrastructure/outbox/repositories/OutboxMessageJpaRepository.java: Spring Data JPA repository for polling pending outbox messages. - src/main/java/com/andeva/atelier/platform/shared/infrastructure/persistence/jpa/configuration/JacksonConfiguration.java: Jackson ObjectMapper registration with JavaTimeModule. - src/main/java/com/andeva/atelier/platform/shared/infrastructure/persistence/jpa/configuration/strategy/SnakeCaseWithPluralizedTablePhysicalNamingStrategy.java: Custom Hibernate naming strategy for snake_case and English pluralization. - src/main/java/com/andeva/atelier/platform/shared/infrastructure/persistence/jpa/converters/EmailAddressAttributeConverter.java: JPA converter for EmailAddress value object. - src/main/java/com/andeva/atelier/platform/shared/infrastructure/persistence/jpa/converters/MileageAttributeConverter.java: JPA converter for Mileage value object. - src/main/java/com/andeva/atelier/platform/shared/infrastructure/persistence/jpa/converters/MoneyAttributeConverter.java: JPA converter for Money serialized string format. - src/main/java/com/andeva/atelier/platform/shared/infrastructure/persistence/jpa/converters/PhoneNumberAttributeConverter.java: JPA converter for PhoneNumber value object. - src/main/java/com/andeva/atelier/platform/shared/infrastructure/persistence/jpa/converters/TaxIdAttributeConverter.java: JPA converter for TaxId composite string format. - src/main/java/com/andeva/atelier/platform/shared/infrastructure/persistence/jpa/entities/AuditableAbstractPersistenceEntity.java: Base mapped superclass providing created_at, updated_at, and optimistic locking.",02/10/2026
upc-pre-202620-1acc0238-4951-andeva/atelier-platform,main,6f63ac8,feat(shared): add CQRS handlers and Result type.,"Introduce the Application Layer abstractions for the Shared Kernel, including CQRS command and query handler contracts, domain event publishing interfaces, functional Result and ApplicationError types, and pagination models. Added: - src/main/java/com/andeva/atelier/platform/shared/application/events/DomainEventPublisher.java: Port for domain event publishing. - src/main/java/com/andeva/atelier/platform/shared/application/handlers/CommandHandler.java: Generic CQRS command handler interface. - src/main/java/com/andeva/atelier/platform/shared/application/handlers/DomainEventHandler.java: Domain event handler contract. - src/main/java/com/andeva/atelier/platform/shared/application/handlers/QueryHandler.java: Generic CQRS query handler interface. - src/main/java/com/andeva/atelier/platform/shared/application/handlers/VoidCommandHandler.java: Side-effecting command handler interface. - src/main/java/com/andeva/atelier/platform/shared/application/pagination/PagedQuery.java: Base query record for offset-based pagination. - src/main/java/com/andeva/atelier/platform/shared/application/pagination/PagedResult.java: Generic immutable paged response container. - src/main/java/com/andeva/atelier/platform/shared/application/pagination/SortDirection.java: Sorting direction enumeration (ASC, DESC). - src/main/java/com/andeva/atelier/platform/shared/application/result/ApplicationError.java: Error descriptor record with categorization. - src/main/java/com/andeva/atelier/platform/shared/application/result/Result.java: Functional error-handling monad with map/flatMap.",02/10/2026
upc-pre-202620-1acc0238-4951-andeva/atelier-platform,main,7fe4056,feat(shared): add domain model and value objects.,"Introduce the DDD Domain Layer for the Shared Kernel bounded context, providing base domain event abstractions, domain exceptions, an abstract aggregate root with event registration, and foundational immutable value objects for automotive, financial, and geographic logic. Added: - src/main/java/com/andeva/atelier/platform/shared/domain/events/DomainEvent.java: Base interface for domain events. - src/main/java/com/andeva/atelier/platform/shared/domain/exceptions/BusinessRuleValidationException.java: Exception for invariant violations. - src/main/java/com/andeva/atelier/platform/shared/domain/exceptions/CurrencyMismatchException.java: Exception for mismatched monetary currencies. - src/main/java/com/andeva/atelier/platform/shared/domain/exceptions/DomainException.java: Base domain exception class. - src/main/java/com/andeva/atelier/platform/shared/domain/exceptions/EntityNotFoundException.java: Exception for missing domain entities. - src/main/java/com/andeva/atelier/platform/shared/domain/model/aggregates/AbstractDomainAggregateRoot.java: Base aggregate root with domain event recording. - src/main/java/com/andeva/atelier/platform/shared/domain/model/valueobjects/BranchId.java: Strongly typed branch identifier. - src/main/java/com/andeva/atelier/platform/shared/domain/model/valueobjects/Currency.java: Supported ISO currencies enum (PEN, USD, EUR). - src/main/java/com/andeva/atelier/platform/shared/domain/model/valueobjects/CustomerId.java: Strongly typed customer identifier. - src/main/java/com/andeva/atelier/platform/shared/domain/model/valueobjects/DateRange.java: Immutable temporal interval with overlap checks. - src/main/java/com/andeva/atelier/platform/shared/domain/model/valueobjects/DistanceMeters.java: Non-negative physical distance value object. - src/main/java/com/andeva/atelier/platform/shared/domain/model/valueobjects/EmailAddress.java: Validated email address value object. - src/main/java/com/andeva/atelier/platform/shared/domain/model/valueobjects/GeoPoint.java: WGS84 geographic coordinate with Haversine distance. - src/main/java/com/andeva/atelier/platform/shared/domain/model/valueobjects/MeasurementUnit.java: Inventory measurement units enum. - src/main/java/com/andeva/atelier/platform/shared/domain/model/valueobjects/Mileage.java: Automotive odometer mileage value object. - src/main/java/com/andeva/atelier/platform/shared/domain/model/valueobjects/Money.java: Immutable monetary value with currency operations. - src/main/java/com/andeva/atelier/platform/shared/domain/model/valueobjects/PhoneNumber.java: Validated E.164 phone number value object. - src/main/java/com/andeva/atelier/platform/shared/domain/model/valueobjects/Quantity.java: Inventory quantity with arithmetic operations. - src/main/java/com/andeva/atelier/platform/shared/domain/model/valueobjects/TaxId.java: Validated Peruvian tax document (DNI, RUC with checksum). - src/main/java/com/andeva/atelier/platform/shared/domain/model/valueobjects/TaxIdType.java: Tax identification document types enum. - src/main/java/com/andeva/atelier/platform/shared/domain/model/valueobjects/TenantId.java: Strongly typed tenant identifier. - src/main/java/com/andeva/atelier/platform/shared/domain/model/valueobjects/UserId.java: Strongly typed user identifier. - src/main/java/com/andeva/atelier/platform/shared/domain/model/valueobjects/VehicleId.java: Strongly typed vehicle identifier.",02/10/2026
upc-pre-202620-1acc0238-4951-andeva/atelier-platform,main,9ceaf1c,chore: ignore codegraph and superpowers folders.,Add .codegraph and .superpowers tooling artifacts and metadata directories to .gitignore to prevent accidental repository tracking. Modified: - .gitignore: Added ignore rules for .codegraph and .superpowers.,02/10/2026
upc-pre-202620-1acc0238-4951-andeva/atelier-platform,main,4045030,feat(shared): configure docker and i18n bundles,"Configure local database container infrastructure with TimescaleDB, set up internationalization (i18n) error messages for the Shared Kernel, update JPA physical naming strategy, and prune obsolete docs. Added: - docker-compose.yml: PostgreSQL 16 with TimescaleDB setup for local development. - src/main/resources/messages.properties: Shared kernel default i18n error messages. - src/main/resources/messages_en.properties: English i18n error messages. - src/main/resources/messages_es.properties: Spanish i18n error messages. Modified: - src/main/resources/application.properties: Configured SnakeCaseWithPluralizedTablePhysicalNamingStrategy. Deleted: - docs/backend-documentation/atelier-platform-v1-reference.md: Removed legacy v1 reference documentation. - docs/backend-documentation/learning-center-platform-reference.md: Removed legacy reference documentation.",02/10/2026
upc-pre-202620-1acc0238-4951-andeva/atelier-platform,main,9fd0b84,initial commit,,02/10/2026
upc-pre-202620-1acc0238-4951-andeva/atelier-platform,main,7fb8374,initial commit,,02/10/2026
upc-pre-202620-1acc0238-4951-andeva/atelier-platform,main,88c171f,Initial commit,,02/10/2026